{
    "Loss": 1.9400657415390015,
    "Accuracy": 0.5375000238418579
}